<?xml version="1.0" encoding="UTF-8" standalone="no"?>
<ExtensionManifest ExtensionBundleId="net.sytes.chuwa.workspaceswitcher_ai"
 ExtensionBundleVersion="1.0.1" Version="5.0">
  <ExtensionList>
      <Extension Id="net.sytes.chuwa.workspaceswitcher_ai" Version="1.0.1"/>
  </ExtensionList>
  <ExecutionEnvironment>
    <HostList>
        <Host Name="ILST" Version="18.0"/>
    </HostList>
    <LocaleList>
      <Locale Code="All"/>
    </LocaleList>
    <RequiredRuntimeList>
      <RequiredRuntime Name="CSXS" Version="5.0"/>
    </RequiredRuntimeList>
  </ExecutionEnvironment>
  <DispatchInfoList>
      <Extension Id="net.sytes.chuwa.workspaceswitcher_ai">
      <DispatchInfo>
        <Resources>
          <MainPath>./index.html</MainPath>
          <ScriptPath>./host/ai.jsx</ScriptPath>
        </Resources>
        <UI>
          <Type>Panel</Type>
          <Menu>Workspace Switcher</Menu>
          <Geometry>
            <Size>
              <Height>70</Height>
              <Width>180</Width>
            </Size>
            <MaxSize>
              <Height>200</Height>
              <Width>350</Width>
            </MaxSize>
            <MinSize>
              <Height>30</Height>
              <Width>100</Width>
            </MinSize>
          </Geometry>
          <Icons>
            <Icon Type="Normal">./icon/sw_regular.png</Icon>
            <Icon Type="RollOver">./icon/sw_active.png</Icon>
          </Icons>
        </UI>
      </DispatchInfo>
    </Extension>
  </DispatchInfoList>
</ExtensionManifest>
